Epochs,Batch Size,Optimizer,Accuracy,Precision,Recall,F1-Score,Cross-Entropy
3,32,adam,0.8793990117979228,0.8462101794214574,0.9284853354760948,0.88544061302682,0.31190854681879226
5,64,adam,0.8710295452253706,0.8642899350009848,0.881478505423865,0.8727996021879662,0.4210746199274796
