C,Accuracy,F1-Score
0.1,0.8732479580518302,0.8768250857422832
1.0,0.8878693153171322,0.8898573692551506
10.0,0.883029141877584,0.8844851623182632
