C,Accuracy,F1-Score
0.1,0.888978521730362,0.8910655981003265
1.0,0.8814157507310678,0.8829151732377539
10.0,0.8687102954522538,0.8701376421304609
